Description,Road Name,Website,Easting,Northing,Longitude,Latitude,Location,Spatial Accuracy,Last Uploaded
Adelaide Road j/w Bridge Approach,Adelaide Road,https://www.camden.gov.uk/winter-weather,528039.34301724,184382.89020193,-0.15497,51.543829,POINT (-0.15497 51.543829),Approximate Location,09/01/2026 01:55:48 PM
Agamemnon road opposite Ulysses Road under name plate,Agamemnon road,https://www.camden.gov.uk/winter-weather,524950.70190346,185373.7865608,-0.199135,51.553426,POINT (-0.199135 51.553426),Approximate Location,09/01/2026 01:55:48 PM
Agar Grove j/w Rochester Sq,Agar Grove,https://www.camden.gov.uk/winter-weather,529488.18988911,184282.14903879,-0.134125,51.542593,POINT (-0.134125 51.542593),Approximate Location,09/01/2026 01:55:48 PM
Ainger Road j/w Regents Park Road,Ainger Road,https://www.camden.gov.uk/winter-weather,528014.60783394,184250.93797286,-0.155374,51.542648,POINT (-0.155374 51.542648),Approximate Location,09/01/2026 01:55:48 PM
Ainger Road o/s no.29  King Henry's Road,Ainger Road,https://www.camden.gov.uk/winter-weather,527869.14022093,184228.6843429,-0.157479,51.542481,POINT (-0.157479 51.542481),Approximate Location,09/01/2026 01:55:48 PM
Akenside Road j/w Wedderburn Road,Akenside Road,https://www.camden.gov.uk/winter-weather,526691.6383099,185126.84724644,-0.174126,51.550818,POINT (-0.174126 51.550818),Approximate Location,09/01/2026 01:55:48 PM
Alvanley Gardens j/w Finchley Road,Alvanley Gardens,https://www.camden.gov.uk/winter-weather,525718.53146356,185285.24190644,-0.188097,51.552459,POINT (-0.188097 51.552459),Approximate Location,09/01/2026 01:55:48 PM
Ariel Road near j/w Iverson Road,Ariel Road,https://www.camden.gov.uk/winter-weather,525034.76030139,184659.08114309,-0.198177,51.546984,POINT (-0.198177 51.546984),Approximate Location,09/01/2026 01:55:48 PM
Arkwright Road Fitzjohns Avenue,Arkwright Road,https://www.camden.gov.uk/winter-weather,526505.20923334,185423.14243282,-0.176707,51.553523,POINT (-0.176707 51.553523),Approximate Location,09/01/2026 01:55:48 PM
Arkwright Road j/w Finchley Road,Arkwright Road,https://www.camden.gov.uk/winter-weather,526051.22792405,185117.76984482,-0.183361,51.55088,POINT (-0.183361 51.55088),Approximate Location,09/01/2026 01:55:48 PM
Back Lane opposite Streatley Place next to TCSU Box,Back Lane,https://www.camden.gov.uk/winter-weather,526399.99400863,185830.62579193,-0.178078,51.557209,POINT (-0.178078 51.557209),Approximate Location,09/01/2026 01:55:48 PM
Barker Drive j/w Camley St (Dead End),Barker Drive,https://www.camden.gov.uk/winter-weather,529650.96388537,184049.01577249,-0.131865,51.540461,POINT (-0.131865 51.540461),Approximate Location,09/01/2026 01:55:48 PM
Barker Drive o/s Garden Centre,Barker Drive,https://www.camden.gov.uk/winter-weather,529427.39905361,184065.01119385,-0.135081,51.540656,POINT (-0.135081 51.540656),Approximate Location,09/01/2026 01:55:48 PM
Bartholomew Road j/w Bartholomew Villas o/s Health Centre,Bartholomew Road,https://www.camden.gov.uk/winter-weather,529062.45615915,184655.08228775,-0.140124,51.546042,POINT (-0.140124 51.546042),Approximate Location,09/01/2026 01:55:48 PM
Belsize Crescent j/w Akenside Road,Belsize Crescent,https://www.camden.gov.uk/winter-weather,526778.21969652,185067.51423034,-0.1729,51.550266,POINT (-0.1729 51.550266),Approximate Location,09/01/2026 01:55:48 PM
Belsize Lane j/w Belsize Terrace on paved area by shops,Belsize Lane,https://www.camden.gov.uk/winter-weather,526866.27694908,184933.65254785,-0.171679,51.549043,POINT (-0.171679 51.549043),Approximate Location,09/01/2026 01:55:48 PM
Boundary Rd o/s Jack Taylor School,Boundary Rd,https://www.camden.gov.uk/winter-weather,526283.26043356,183854.02158899,-0.18047,51.539471,POINT (-0.18047 51.539471),Approximate Location,09/01/2026 01:55:48 PM
BoundaryRoad j/w Abbey Road,BoundaryRoad,https://www.camden.gov.uk/winter-weather,526004.10739986,183694.09736683,-0.18455,51.538096,POINT (-0.18455 51.538096),Approximate Location,09/01/2026 01:55:48 PM
Branch Hill j/w Frognal Rise,Branch Hill,https://www.camden.gov.uk/winter-weather,526190.28912459,185992.53944463,-0.181043,51.558711,POINT (-0.181043 51.558711),Approximate Location,09/01/2026 01:55:48 PM
Bridge Approach j/w Regents Park Road,Bridge Approach,https://www.camden.gov.uk/winter-weather,528056.74834123,184335.75369461,-0.154736,51.543401,POINT (-0.154736 51.543401),Approximate Location,09/01/2026 01:55:48 PM
Broadhurst Gardens j/w Finchley Road,Broadhurst Gardens,https://www.camden.gov.uk/winter-weather,526299.24760704,184523.64990988,-0.179999,51.545485,POINT (-0.179999 51.545485),Approximate Location,09/01/2026 01:55:48 PM
Broadhurst Gardens j/w West End Lane,Broadhurst Gardens,https://www.camden.gov.uk/winter-weather,525536.34034841,184608.59559443,-0.190965,51.546419,POINT (-0.190965 51.546419),Approximate Location,09/01/2026 01:55:48 PM
Broomsleigh Street j/w Dornfell Street by School,Broomsliegh Street,https://www.camden.gov.uk/winter-weather,524964.99883941,185114.00092366,-0.199021,51.551088,POINT (-0.199021 51.551088),Approximate Location,09/01/2026 01:55:48 PM
Burghley Road j/w Oakford Road,Burghley Road,https://www.camden.gov.uk/winter-weather,529060.43611918,185846.21133061,-0.139717,51.556747,POINT (-0.139717 51.556747),Approximate Location,09/01/2026 01:55:48 PM
Camden Square j/w Murray Street,Camden Square,https://www.camden.gov.uk/winter-weather,529583.90680343,184416.76050665,-0.132696,51.543781,POINT (-0.132696 51.543781),Approximate Location,09/01/2026 01:55:48 PM
Cannon Hill j/w West End Lane,Cannon hill,https://www.camden.gov.uk/winter-weather,525496.84650574,185269.69635631,-0.191299,51.552369,POINT (-0.191299 51.552369),Approximate Location,09/01/2026 01:55:48 PM
Chalton street j/w Polygon Road,Chalton street,https://www.camden.gov.uk/winter-weather,529653.29723766,183082.932311,-0.132187,51.531778,POINT (-0.132187 51.531778),Approximate Location,09/01/2026 01:55:48 PM
Chetwynd Road j/w Dartmouth Park Hill,Chetwynd Road,https://www.camden.gov.uk/winter-weather,529012.18602162,186133.16918978,-0.140307,51.559337,POINT (-0.140307 51.559337),Approximate Location,09/01/2026 01:55:48 PM
Christchurch Hill j/w Cannon Place,Christchurch Hill,https://www.camden.gov.uk/winter-weather,526507.64977143,186133.60906387,-0.176417,51.559907,POINT (-0.176417 51.559907),Approximate Location,09/01/2026 01:55:48 PM
Christchurch Hill j/w Willow Road,Christchurch Hill,https://www.camden.gov.uk/winter-weather,526820.70649638,185896.14703666,-0.171989,51.557703,POINT (-0.171989 51.557703),Approximate Location,09/01/2026 01:55:48 PM
Christchurch Hill o/s School side of No 57,Christchurch Hill,https://www.camden.gov.uk/winter-weather,526533.94327128,186101.25832417,-0.176049,51.559611,POINT (-0.176049 51.559611),Approximate Location,09/01/2026 01:55:48 PM
Churchill Road By Bridge,Churchill Road,https://www.camden.gov.uk/winter-weather,528899.91302461,185925.47864058,-0.142002,51.557496,POINT (-0.142002 51.557496),Approximate Location,09/01/2026 01:55:48 PM
Crediton Hill j/w Lymington Road,Crediton Hill,https://www.camden.gov.uk/winter-weather,525667.6099662,184928.06414751,-0.188959,51.549261,POINT (-0.188959 51.549261),Approximate Location,09/01/2026 01:55:48 PM
Cressy Road o/s Ambulance Station,Cressy Road,https://www.camden.gov.uk/winter-weather,527573.65372119,185499.01071575,-0.161277,51.553965,POINT (-0.161277 51.553965),Approximate Location,09/01/2026 01:55:48 PM
Criclewood Broadway o/s Number 110,Cricklewood Broadway,https://www.camden.gov.uk/winter-weather,523965.65620865,185537.7096383,-0.213278,51.555116,POINT (-0.213278 51.555116),Approximate Location,09/01/2026 01:55:48 PM
Croftdown Road j/w St Albans Road,Croftdown Road,https://www.camden.gov.uk/winter-weather,528712.54401108,186481.05960718,-0.1445,51.562532,POINT (-0.1445 51.562532),Approximate Location,09/01/2026 01:55:48 PM
Dartmouth Park Hill j/w Chester Road,Dartmouth Park Hill,https://www.camden.gov.uk/winter-weather,528973.20337273,186512.63057009,-0.14073,51.562756,POINT (-0.14073 51.562756),Approximate Location,09/01/2026 01:55:48 PM
Dartmouth Park Road j/w Laurier Road,Dartmouth Park Road,https://www.camden.gov.uk/winter-weather,528948.84746224,186196.1311671,-0.141197,51.559917,POINT (-0.141197 51.559917),Approximate Location,09/01/2026 01:55:48 PM
Dartmouth Park Hill j/w Highgate Hill,Dartmouth Park Hill,https://www.camden.gov.uk/winter-weather,528836.89602261,187221.09777346,-0.142436,51.569154,POINT (-0.142436 51.569154),Approximate Location,09/01/2026 01:55:48 PM
Dartmouth Park Hill j/w Raydon Street,Dartmouth Park Hill,https://www.camden.gov.uk/winter-weather,528947.43755679,186753.6915671,-0.141013,51.564928,POINT (-0.141013 51.564928),Approximate Location,09/01/2026 01:55:48 PM
East Heath Road j/w Downshire Hill,East Heath Road,https://www.camden.gov.uk/winter-weather,527098.91134805,185877.21245663,-0.167985,51.55747,POINT (-0.167985 51.55747),Approximate Location,09/01/2026 01:55:48 PM
East Heath Road o/s St Mary's Hospital,East Heath Road,https://www.camden.gov.uk/winter-weather,526382.96795746,186231.33109123,-0.178179,51.560814,POINT (-0.178179 51.560814),Approximate Location,09/01/2026 01:55:48 PM
Eton Avenue o/s No 9,Eton Avenue,https://www.camden.gov.uk/winter-weather,527418.35799535,184534.23687939,-0.163865,51.545329,POINT (-0.163865 51.545329),Approximate Location,09/01/2026 01:55:48 PM
Fairfax Road j/w Finchley Road,Fairfax Road,https://www.camden.gov.uk/winter-weather,526442.06031037,184497.34743888,-0.17795,51.545217,POINT (-0.17795 51.545217),Approximate Location,09/01/2026 01:55:48 PM
Ferncroft Avenue j/w Hollycroft Avenue,Ferncroft Avenue,https://www.camden.gov.uk/winter-weather,525500.79589001,185944.90308039,-0.191001,51.558436,POINT (-0.191001 51.558436),Approximate Location,09/01/2026 01:55:48 PM
Flask Walk j/w Back Lane,Flask Walk,https://www.camden.gov.uk/winter-weather,526457.52804499,185782.26963373,-0.177266,51.556761,POINT (-0.177266 51.556761),Approximate Location,09/01/2026 01:55:48 PM
Fleet Road j/w Byron Mews,Fleet Road,https://www.camden.gov.uk/winter-weather,527427.46054281,185478.15668516,-0.163392,51.55381,POINT (-0.163392 51.55381),Approximate Location,09/01/2026 01:55:48 PM
Fordwych Road o/s 68,Fordwych Road,https://www.camden.gov.uk/winter-weather,524628.3859749,184987.45714644,-0.203918,51.550025,POINT (-0.203918 51.550025),Approximate Location,09/01/2026 01:55:48 PM
Fortune Green Road j/w Finchley Road,Fortune Green Road,https://www.camden.gov.uk/winter-weather,525172.37037117,185815.48012733,-0.195782,51.557346,POINT (-0.195782 51.557346),Approximate Location,09/01/2026 01:55:48 PM
Fortune Green Road opposite Lyncroft Gardens,Fortune Green Road,https://www.camden.gov.uk/winter-weather,525369.30365557,185283.05253314,-0.193133,51.552517,POINT (-0.193133 51.552517),Approximate Location,09/01/2026 01:55:48 PM
Fortune Green Road side of 1-6 Burgess Park Mansions,Fortune Green Road,https://www.camden.gov.uk/winter-weather,525166.22780065,185797.28533553,-0.195877,51.557184,POINT (-0.195877 51.557184),Approximate Location,09/01/2026 01:55:48 PM
Frognal j/w Arkwright road,Frognal,https://www.camden.gov.uk/winter-weather,526243.7418557,185224.77921371,-0.180548,51.551799,POINT (-0.180548 51.551799),Approximate Location,09/01/2026 01:55:48 PM
Frognal j/w Reddington Road,Frognal,https://www.camden.gov.uk/winter-weather,526067.05844137,185701.78267289,-0.182924,51.556125,POINT (-0.182924 51.556125),Approximate Location,09/01/2026 01:55:48 PM
Frognal Lane j/w Bracknell Gardens,Frognal Lane,https://www.camden.gov.uk/winter-weather,525785.06910665,185412.0056207,-0.187093,51.553584,POINT (-0.187093 51.553584),Approximate Location,09/01/2026 01:55:48 PM
Frognal Lane j/w Greenaway Gardens,Frognal Lane,https://www.camden.gov.uk/winter-weather,525887.25014888,185463.40090896,-0.185601,51.554023,POINT (-0.185601 51.554023),Approximate Location,09/01/2026 01:55:48 PM
Gayton Road j/w Hampstead High Street,Gayton Road,https://www.camden.gov.uk/winter-weather,526546.89626227,185675.05032494,-0.176016,51.555778,POINT (-0.176016 51.555778),Approximate Location,09/01/2026 01:55:48 PM
Glenloch Road j/w Glenmore Road,Glenloch Road,https://www.camden.gov.uk/winter-weather,527264.10114721,185022.49711635,-0.165912,51.549752,POINT (-0.165912 51.549752),Approximate Location,09/01/2026 01:55:48 PM
Gloucester Avenue j/w St Marks Crescent,Gloucester Avenue,https://www.camden.gov.uk/winter-weather,528320.12032798,183758.25900075,-0.151151,51.538151,POINT (-0.151151 51.538151),Approximate Location,09/01/2026 01:55:48 PM
Goldhurst Terrace j/w Aberdare Gardens,Goldhurst Terrace,https://www.camden.gov.uk/winter-weather,525730.59398796,184107.7789517,-0.188344,51.541875,POINT (-0.188344 51.541875),Approximate Location,09/01/2026 01:55:48 PM
Gondar Gardens just off Mill Lane,Gondar Gardens,https://www.camden.gov.uk/winter-weather,524806.93277304,185126.26741241,-0.201295,51.551233,POINT (-0.201295 51.551233),Approximate Location,09/01/2026 01:55:48 PM
Grafton Road j/w Vicars Road,Grafton Road,https://www.camden.gov.uk/winter-weather,528234.51185857,185367.008501,-0.151798,51.552629,POINT (-0.151798 51.552629),Approximate Location,09/01/2026 01:55:48 PM
Great Ormond Street o/s hospital entrance,Great Ormond Street,https://www.camden.gov.uk/winter-weather,530498.49020607,182006.3904679,-0.120408,51.521909,POINT (-0.120408 51.521909),Approximate Location,09/01/2026 01:55:48 PM
Hampstead Grove Foot path side of Heath Mansions,Hampstead Grove,https://www.camden.gov.uk/winter-weather,526305.25001152,185968.71626394,-0.179394,51.558471,POINT (-0.179394 51.558471),Approximate Location,09/01/2026 01:55:48 PM
Harben Road j/w Belsize Road,Harben Road,https://www.camden.gov.uk/winter-weather,526533.48979292,184311.33068563,-0.176699,51.543525,POINT (-0.176699 51.543525),Approximate Location,09/01/2026 01:55:48 PM
Harmood Street j/w Chalk Farm Road,Harmood Street,https://www.camden.gov.uk/winter-weather,528530.72392368,184291.05648905,-0.147921,51.542892,POINT (-0.147921 51.542892),Approximate Location,09/01/2026 01:55:48 PM
Haverstock Hill j/w Rowland Hill Street,Haverstock Hill,https://www.camden.gov.uk/winter-weather,527156.97306832,185338.58663667,-0.167342,51.552617,POINT (-0.167342 51.552617),Approximate Location,09/01/2026 01:55:48 PM
Haverstock Hill o/s Belsize Park Tube Station,Haverstock Hill,https://www.camden.gov.uk/winter-weather,527371.72392976,185079.36083928,-0.16434,51.550239,POINT (-0.16434 51.550239),Approximate Location,09/01/2026 01:55:48 PM
Haverstock Hill opposite Steele's Road,Haverstock Hill,https://www.camden.gov.uk/winter-weather,527826.11749211,184696.01057215,-0.157929,51.546691,POINT (-0.157929 51.546691),Approximate Location,09/01/2026 01:55:48 PM
Heath Street j/w New End Opposite The Mount,Heath Street,https://www.camden.gov.uk/winter-weather,526362.00076708,185986.00131614,-0.17857,51.558613,POINT (-0.17857 51.558613),Approximate Location,09/01/2026 01:55:48 PM
Heath Street j/w Upper Terrace,Heath Street,https://www.camden.gov.uk/winter-weather,526330.61181947,186175.77699342,-0.178954,51.560326,POINT (-0.178954 51.560326),Approximate Location,09/01/2026 01:55:48 PM
Herbrand Street o/s Ambulance Station,Herbrand Street,https://www.camden.gov.uk/winter-weather,530067.94960549,182346.02324903,-0.126485,51.52506,POINT (-0.126485 51.52506),Approximate Location,09/01/2026 01:55:48 PM
Highgate Hill near junction with Dartmouth Park Hill,Highgate Hill,https://www.camden.gov.uk/winter-weather,528835.52734247,187222.84727267,-0.142455,51.56917,POINT (-0.142455 51.56917),Approximate Location,09/01/2026 01:55:48 PM
Highgate Road j/w Swains Lane,Highgate Road,https://www.camden.gov.uk/winter-weather,528297.99882904,186347.99769576,-0.150526,51.56143,POINT (-0.150526 51.56143),Approximate Location,09/01/2026 01:55:48 PM
Highgate Road o/s William Ellis School,Highgate Road,https://www.camden.gov.uk/winter-weather,528393.41067611,186092.97069648,-0.149243,51.559117,POINT (-0.149243 51.559117),Approximate Location,09/01/2026 01:55:48 PM
Highgate West Hill j/w Merton Lane,Highgate West Hill,https://www.camden.gov.uk/winter-weather,528041.04974489,186996.65202039,-0.153994,51.567318,POINT (-0.153994 51.567318),Approximate Location,09/01/2026 01:55:48 PM
Highgate West Hill j/w The Grove,Highgate West Hill,https://www.camden.gov.uk/winter-weather,528207.92978157,187222.55735566,-0.151506,51.56931,POINT (-0.151506 51.56931),Approximate Location,09/01/2026 01:55:48 PM
"Hillfield Road j/w Fortune Green Road, by Police Station",Hillfield Road,https://www.camden.gov.uk/winter-weather,525186.97237438,185405.41750653,-0.195718,51.553658,POINT (-0.195718 51.553658),Approximate Location,09/01/2026 01:55:48 PM
Hillfield Road on incline j/w Mill Lane,Hillfield Road,https://www.camden.gov.uk/winter-weather,524855.8837008,185150.6904214,-0.200581,51.551442,POINT (-0.200581 51.551442),Approximate Location,09/01/2026 01:55:48 PM
Hillgrove Road j/w Alexandra Road,Hillgrove Road,https://www.camden.gov.uk/winter-weather,526534.15764287,184090.38393098,-0.176769,51.541539,POINT (-0.176769 51.541539),Approximate Location,09/01/2026 01:55:48 PM
Holford Road opposite Church under street name plate,Holford Road,https://www.camden.gov.uk/winter-weather,526458.33606098,186122.03237766,-0.177132,51.559814,POINT (-0.177132 51.559814),Approximate Location,09/01/2026 01:55:48 PM
Holly Hill (West) j/w Hampstead Grove,Holly Hill (West),https://www.camden.gov.uk/winter-weather,526287.61382582,185919.43037188,-0.179666,51.558032,POINT (-0.179666 51.558032),Approximate Location,09/01/2026 01:55:48 PM
Holly Hill opposite No 6,Holly Hill,https://www.camden.gov.uk/winter-weather,526336.00408943,185800.60438546,-0.179011,51.556953,POINT (-0.179011 51.556953),Approximate Location,09/01/2026 01:55:48 PM
Holly Walk j/w Mount Vernon,Holly Walk,https://www.camden.gov.uk/winter-weather,526231.8524776,185846.01138785,-0.180496,51.557385,POINT (-0.180496 51.557385),Approximate Location,09/01/2026 01:55:48 PM
Holmes Road j/w Raglan Street,Holmes Road,https://www.camden.gov.uk/winter-weather,528911.16753301,185019.29803208,-0.142172,51.54935,POINT (-0.142172 51.54935),Approximate Location,09/01/2026 01:55:48 PM
Inverness Street j/w Gloucester Crescent,Inverness Street,https://www.camden.gov.uk/winter-weather,528700.62989779,183850.00273938,-0.145634,51.538889,POINT (-0.145634 51.538889),Approximate Location,09/01/2026 01:55:48 PM
Iverson Road j/w Maygrove Road,Iverson Road,https://www.camden.gov.uk/winter-weather,525271.64090682,184752.40442958,-0.194729,51.54777,POINT (-0.194729 51.54777),Approximate Location,09/01/2026 01:55:48 PM
Keat's Grove j/w Heath Hurst Road,Keat's Grove,https://www.camden.gov.uk/winter-weather,527066.68140421,185685.97719716,-0.168518,51.555759,POINT (-0.168518 51.555759),Approximate Location,09/01/2026 01:55:48 PM
Kentish Town Road o/s Camden Underground Station,Kentish Town Road,https://www.camden.gov.uk/winter-weather,528920.35253108,183922.24206109,-0.142441,51.539489,POINT (-0.142441 51.539489),Approximate Location,09/01/2026 01:55:48 PM
Kentish Town Road o/s Kentish Town Underground Station,Kentish Town Road,https://www.camden.gov.uk/winter-weather,529017.19901877,185152.00004652,-0.140595,51.550518,POINT (-0.140595 51.550518),Approximate Location,09/01/2026 01:55:48 PM
Kidderpore Avenue j/w Kidderpore Gardens,Kidderpore Avenue,https://www.camden.gov.uk/winter-weather,525451.64708078,185756.01714843,-0.191777,51.55675,POINT (-0.191777 51.55675),Approximate Location,09/01/2026 01:55:48 PM
Kingsgate Road j/w Kingsgate Place,Kingsgate Road,https://www.camden.gov.uk/winter-weather,525259.66083304,183948.67449488,-0.195188,51.540549,POINT (-0.195188 51.540549),Approximate Location,09/01/2026 01:55:48 PM
Lady Margaret Road j/w Falkland Road,Lady Margaret Road,https://www.camden.gov.uk/winter-weather,529216.19356845,185302.62693003,-0.137671,51.551826,POINT (-0.137671 51.551826),Approximate Location,09/01/2026 01:55:48 PM
Lancaster Grove o/s Fire Station,Lancaster Grove,https://www.camden.gov.uk/winter-weather,527227.33641976,184553.91124766,-0.166611,51.545549,POINT (-0.166611 51.545549),Approximate Location,09/01/2026 01:55:48 PM
Langland Gardens j/w Frognal Lane,Langland Gardens,https://www.camden.gov.uk/winter-weather,525970.84682338,185462.33121515,-0.184397,51.553995,POINT (-0.184397 51.553995),Approximate Location,09/01/2026 01:55:48 PM
Langland Gardens j/w Linfield Gardens,Langland Gardens,https://www.camden.gov.uk/winter-weather,525965.75137562,185374.74628608,-0.184501,51.553209,POINT (-0.184501 51.553209),Approximate Location,09/01/2026 01:55:48 PM
Lawford Road o/s Health Centre,Lawford Road,https://www.camden.gov.uk/winter-weather,529093.4988142,184715.41501769,-0.139655,51.546577,POINT (-0.139655 51.546577),Approximate Location,09/01/2026 01:55:48 PM
Leather Lane j/w Greville Street,Leather Lane,https://www.camden.gov.uk/winter-weather,531289.74398476,181715.03386786,-0.109118,51.519107,POINT (-0.109118 51.519107),Approximate Location,09/01/2026 01:55:48 PM
Leather Lane j/w Holborn,Leather Lane,https://www.camden.gov.uk/winter-weather,531288.38354968,181601.40639339,-0.10918,51.518087,POINT (-0.10918 51.518087),Approximate Location,09/01/2026 01:55:48 PM
Leather Lane j/w Portpool Lane,Leather Lane,https://www.camden.gov.uk/winter-weather,531221.9283572,182023.38560309,-0.10998,51.521894,POINT (-0.10998 51.521894),Approximate Location,09/01/2026 01:55:48 PM
Lyndhurst Gardens j/w Lyndhurst Road,Lyndhurst Gardens,https://www.camden.gov.uk/winter-weather,526835.05290269,185339.05650217,-0.171983,51.552693,POINT (-0.171983 51.552693),Approximate Location,09/01/2026 01:55:48 PM
Lyndhurst Gardens o/s Hospice,Lyndhurst Gardens,https://www.camden.gov.uk/winter-weather,526892.41379277,185167.41563386,-0.171218,51.551138,POINT (-0.171218 51.551138),Approximate Location,09/01/2026 01:55:48 PM
Maitland Park Road j/w Maitland Park Villas,Maitland Park Road,https://www.camden.gov.uk/winter-weather,527949.10906855,184722.23306604,-0.156147,51.546899,POINT (-0.156147 51.546899),Approximate Location,09/01/2026 01:55:48 PM
Mansfield Road j/w Savernake Rd by bus stop,Mansfield Road,https://www.camden.gov.uk/winter-weather,528206.98159955,185604.72045666,-0.152109,51.554771,POINT (-0.152109 51.554771),Approximate Location,09/01/2026 01:55:48 PM
Maresfield Gardens  j/w Netherhall Gardens,Maresfield Gardens,https://www.camden.gov.uk/winter-weather,526432.25693272,185215.31192369,-0.177834,51.551672,POINT (-0.177834 51.551672),Approximate Location,09/01/2026 01:55:48 PM
Menelik Road j/w Minster Road,Menelik Road,https://www.camden.gov.uk/winter-weather,524694.98133341,185422.14271899,-0.202804,51.553917,POINT (-0.202804 51.553917),Approximate Location,09/01/2026 01:55:48 PM
Merton Lane o/s Hathaway Court,Merton Lane,https://www.camden.gov.uk/winter-weather,527861.18373697,186844.3856062,-0.156643,51.56599,POINT (-0.156643 51.56599),Approximate Location,09/01/2026 01:55:48 PM
Mornington Street j/w Mornington Terrace,Mornington Street,https://www.camden.gov.uk/winter-weather,528889.4005717,183381.62681059,-0.143085,51.534637,POINT (-0.143085 51.534637),Approximate Location,09/01/2026 01:55:48 PM
New End j/w Streathley Place,New End,https://www.camden.gov.uk/winter-weather,526496.43648833,185940.56432235,-0.176648,51.558175,POINT (-0.176648 51.558175),Approximate Location,09/01/2026 01:55:48 PM
New End to side of steps of Christchurch Passage,Christchurch Passage,https://www.camden.gov.uk/winter-weather,526488.90874755,186005.4357531,-0.176733,51.55876,POINT (-0.176733 51.55876),Approximate Location,09/01/2026 01:55:48 PM
North End j/w Wildwood Terrace,North End,https://www.camden.gov.uk/winter-weather,526107.32731979,187105.49086559,-0.18184,51.568731,POINT (-0.18184 51.568731),Approximate Location,09/01/2026 01:55:48 PM
North End Way j/w Sandy Road,North End Way,https://www.camden.gov.uk/winter-weather,526026.94621911,186962.39182727,-0.183051,51.567463,POINT (-0.183051 51.567463),Approximate Location,09/01/2026 01:55:48 PM
Northend Way o/s Inverforth House,Northend Way,https://www.camden.gov.uk/winter-weather,526206.55663014,186642.2734602,-0.180576,51.564546,POINT (-0.180576 51.564546),Approximate Location,09/01/2026 01:55:48 PM
Oriel Place j/w Heath Street,Oriel Place,https://www.camden.gov.uk/winter-weather,526367.12919508,185673.39079997,-0.178608,51.555803,POINT (-0.178608 51.555803),Approximate Location,09/01/2026 01:55:48 PM
Oseney Crescent j/w Busby Place,Oseney Crescent,https://www.camden.gov.uk/winter-weather,529532.49060241,184906.68026858,-0.133257,51.548196,POINT (-0.133257 51.548196),Approximate Location,09/01/2026 01:55:48 PM
Pancras Road o/s St Pancras Station near bus stop at Euston Road end,Pancras Road,https://www.camden.gov.uk/winter-weather,530175.47344731,182956.38853378,-0.12471,51.530521,POINT (-0.12471 51.530521),Approximate Location,09/01/2026 01:55:48 PM
Parkway j/w Albert Street,Parkway,https://www.camden.gov.uk/winter-weather,528767.89310626,183731.53664994,-0.144708,51.537809,POINT (-0.144708 51.537809),Approximate Location,09/01/2026 01:55:48 PM
Parliament Hill j/w Nassington Road,Parliament Hill,https://www.camden.gov.uk/winter-weather,527435.54894775,185790.09739306,-0.163163,51.556612,POINT (-0.163163 51.556612),Approximate Location,09/01/2026 01:55:48 PM
Patshull Road j/w Bartholmew Road,Patshull Road,https://www.camden.gov.uk/winter-weather,529384.54947107,184760.77203438,-0.135443,51.546918,POINT (-0.135443 51.546918),Approximate Location,09/01/2026 01:55:48 PM
Perrin's Lane j/w Hampstead High Steath Street,Perrin's Lane,https://www.camden.gov.uk/winter-weather,526477.82738543,185663.22371027,-0.177016,51.555687,POINT (-0.177016 51.555687),Approximate Location,09/01/2026 01:55:48 PM
Platt's Lane j/w Rosecroft Avenue,Platt's Lane,https://www.camden.gov.uk/winter-weather,525423.473707,186274.36877182,-0.191999,51.561414,POINT (-0.191999 51.561414),Approximate Location,09/01/2026 01:55:48 PM
Platt's Lane j/w West Heath Road,Platt's Lane,https://www.camden.gov.uk/winter-weather,525546.00356002,186404.62148737,-0.190185,51.562558,POINT (-0.190185 51.562558),Approximate Location,09/01/2026 01:55:48 PM
Pond Street o/s Royal Free Hospital,Pond Street,https://www.camden.gov.uk/winter-weather,527212.31391843,185477.22695129,-0.166494,51.55385,POINT (-0.166494 51.55385),Approximate Location,09/01/2026 01:55:48 PM
Primrose Gardens j/w Belsize Grove,Primrose Gardens,https://www.camden.gov.uk/winter-weather,527370.29753419,184836.3004146,-0.164449,51.548055,POINT (-0.164449 51.548055),Approximate Location,09/01/2026 01:55:48 PM
Primrose Hill Road j/w Oppidans Road,Primrose Hill Road,https://www.camden.gov.uk/winter-weather,527596.69042191,184103.21025948,-0.161451,51.541415,POINT (-0.161451 51.541415),Approximate Location,09/01/2026 01:55:48 PM
Prince Arthur Road j/w Fitzjohns Avenue,Prince Arthur Road,https://www.camden.gov.uk/winter-weather,526463.2501174,185519.05497814,-0.177278,51.554394,POINT (-0.177278 51.554394),Approximate Location,09/01/2026 01:55:48 PM
Prince of Wales Road o/s Kentish Town West Station,Prince of Wales Road,https://www.camden.gov.uk/winter-weather,528612.85297731,184693.29135052,-0.146591,51.546488,POINT (-0.146591 51.546488),Approximate Location,09/01/2026 01:55:48 PM
Princess Road o/s School,Princess Road,https://www.camden.gov.uk/winter-weather,528273.32960623,183886.81220278,-0.151778,51.539317,POINT (-0.151778 51.539317),Approximate Location,09/01/2026 01:55:48 PM
Purchese Street j/w Chenies Place,Purchese Street,https://www.camden.gov.uk/winter-weather,529758.69385371,183295.23154098,-0.13059,51.533662,POINT (-0.13059 51.533662),Approximate Location,09/01/2026 01:55:48 PM
Queen's Crescent o/s Library j/w Weedington Road,Queen's Crescent,https://www.camden.gov.uk/winter-weather,528295.93756377,185121.3888089,-0.151003,51.550407,POINT (-0.151003 51.550407),Approximate Location,09/01/2026 01:55:48 PM
Ravenshaw Street j/w Dornfell Street,Ravenshaw Street,https://www.camden.gov.uk/winter-weather,524839.83056684,185116.78012812,-0.200824,51.55114,POINT (-0.200824 51.55114),Approximate Location,09/01/2026 01:55:48 PM
Reddington Road j/w Templewood Avenue,Redington Road,https://www.camden.gov.uk/winter-weather,525667.64294645,185996.53829996,-0.188577,51.558863,POINT (-0.188577 51.558863),Approximate Location,09/01/2026 01:55:48 PM
Redhill Street o/s School,Redhill Street,https://www.camden.gov.uk/winter-weather,528833.68044878,182982.0711822,-0.144034,51.531059,POINT (-0.144034 51.531059),Approximate Location,09/01/2026 01:55:48 PM
Regents Park Road j/w St Georges Terrace,Regents Park Road,https://www.camden.gov.uk/winter-weather,527861.0930413,184003.81871001,-0.157677,51.540462,POINT (-0.157677 51.540462),Approximate Location,09/01/2026 01:55:48 PM
Robert Street j/w Stanhope Street,Robert Street,https://www.camden.gov.uk/winter-weather,529061.7470839,182719.94621469,-0.140844,51.528651,POINT (-0.140844 51.528651),Approximate Location,09/01/2026 01:55:48 PM
Royal College Street j/w Georgina Street,Royal College Street,https://www.camden.gov.uk/winter-weather,529321.46650858,183984.60421011,-0.136637,51.539957,POINT (-0.136637 51.539957),Approximate Location,09/01/2026 01:55:48 PM
Savernake Road by footbridge by entrance to heath,Savernake Road,https://www.camden.gov.uk/winter-weather,527768.69064154,185696.93406079,-0.158394,51.555699,POINT (-0.158394 51.555699),Approximate Location,09/01/2026 01:55:48 PM
South Grove by Bus Terminus,South Grove,https://www.camden.gov.uk/winter-weather,528442.66667112,187379.91231327,-0.148063,51.570671,POINT (-0.148063 51.570671),Approximate Location,09/01/2026 01:55:48 PM
South Grove j/w Bacons Lane,South Grove,https://www.camden.gov.uk/winter-weather,528306.41703643,187294.30681759,-0.150059,51.569932,POINT (-0.150059 51.569932),Approximate Location,09/01/2026 01:55:48 PM
South Hill Park Gardens j/w South Hill Park,South Hill Park Gardens,https://www.camden.gov.uk/winter-weather,527371.74866495,185886.39982677,-0.164048,51.557492,POINT (-0.164048 51.557492),Approximate Location,09/01/2026 01:55:48 PM
South Hill Park in alleyway leading to pond adjacent to 94 South Hill Park,South Hill Park,https://www.camden.gov.uk/winter-weather,527364.9959599,186006.98530954,-0.164101,51.558577,POINT (-0.164101 51.558577),Approximate Location,09/01/2026 01:55:48 PM
Southampton Road o/s St Dominics Church,Southampton Road,https://www.camden.gov.uk/winter-weather,527895.18636895,185153.6095858,-0.156768,51.550788,POINT (-0.156768 51.550788),Approximate Location,09/01/2026 01:55:48 PM
Spaniard's Road by 1st bus stop northbound at pond end,Spaniard's Road,https://www.camden.gov.uk/winter-weather,526312.71179182,186520.11842671,-0.179089,51.563425,POINT (-0.179089 51.563425),Approximate Location,09/01/2026 01:55:48 PM
Spencer Rise j/w Datmouth Park Hill,Spencer Rise,https://www.camden.gov.uk/winter-weather,529041.3982731,186068.58767605,-0.13991,51.55875,POINT (-0.13991 51.55875),Approximate Location,09/01/2026 01:55:48 PM
Spencer Rise j/w York Rise,Spencer Rise,https://www.camden.gov.uk/winter-weather,528844.70409547,185964.3775059,-0.142784,51.557858,POINT (-0.142784 51.557858),Approximate Location,09/01/2026 01:55:48 PM
St Pancras Way by railway bridge,St Pancras Way,https://www.camden.gov.uk/winter-weather,529401.5837673,184144.85833784,-0.135424,51.541379,POINT (-0.135424 51.541379),Approximate Location,09/01/2026 01:55:48 PM
Strathray Gardens j/w Eton Avenue,Strathray Gardens,https://www.camden.gov.uk/winter-weather,527035.81189544,184457.58881967,-0.169407,51.544727,POINT (-0.169407 51.544727),Approximate Location,09/01/2026 01:55:48 PM
Streatley Place by steps o/s 1 to 4 Streatley Flats,Streatley Place,https://www.camden.gov.uk/winter-weather,526423.1461402,185880.32156666,-0.177726,51.55765,POINT (-0.177726 51.55765),Approximate Location,09/01/2026 01:55:48 PM
Sumatra Road j/w Mill Lane,Sumatra Road,https://www.camden.gov.uk/winter-weather,525015.25248682,185171.11457505,-0.198276,51.55159,POINT (-0.198276 51.55159),Approximate Location,09/01/2026 01:55:48 PM
Swain's Lane j/w Bisham Gardens,Swain's Lane,https://www.camden.gov.uk/winter-weather,528439.37689174,187268.00434659,-0.148151,51.569666,POINT (-0.148151 51.569666),Approximate Location,09/01/2026 01:55:48 PM
Swain's Lane j/w Chester Road,Swain's Lane,https://www.camden.gov.uk/winter-weather,528568.01633504,186574.0529881,-0.14655,51.5634,POINT (-0.14655 51.5634),Approximate Location,09/01/2026 01:55:48 PM
Swain's Lane opposite Bottle Bank midway up,Swain's Lane,https://www.camden.gov.uk/winter-weather,528546.20814843,186610.392586,-0.146851,51.563732,POINT (-0.146851 51.563732),Approximate Location,09/01/2026 01:55:48 PM
Talacre Road j/w Rhyl Street,Talacre Road,https://www.camden.gov.uk/winter-weather,528403.95610925,184851.37609923,-0.149544,51.547956,POINT (-0.149544 51.547956),Approximate Location,09/01/2026 01:55:48 PM
The Mount Square o/s No 4,The Mount Square,https://www.camden.gov.uk/winter-weather,526348.70972858,185911.71258107,-0.178788,51.557949,POINT (-0.178788 51.557949),Approximate Location,09/01/2026 01:55:48 PM
Twisden Road j/w Chetwynd Road,Twisden Road,https://www.camden.gov.uk/winter-weather,528674.9382874,185890.56863347,-0.145258,51.557234,POINT (-0.145258 51.557234),Approximate Location,09/01/2026 01:55:48 PM
Upper Terrace o/s No 4,Upper Terrace,https://www.camden.gov.uk/winter-weather,526134.67618746,186126.81100979,-0.181797,51.55993,POINT (-0.181797 51.55993),Approximate Location,09/01/2026 01:55:48 PM
Vale of Health opposite no.12 Heath Villas,Vale of Health,https://www.camden.gov.uk/winter-weather,526497.12907346,186435.75257619,-0.17646,51.562625,POINT (-0.17646 51.562625),Approximate Location,09/01/2026 01:55:48 PM
Wedderburn Road j/w Lyndhurst Gardens,Wedderburn Road,https://www.camden.gov.uk/winter-weather,526875.31353605,185208.88376373,-0.171449,51.551515,POINT (-0.171449 51.551515),Approximate Location,09/01/2026 01:55:48 PM
West End Lane j/w Kilburn High Road,West End Lane,https://www.camden.gov.uk/winter-weather,525382.86678108,183697.27645682,-0.193502,51.538263,POINT (-0.193502 51.538263),Approximate Location,09/01/2026 01:55:48 PM
West End Lane j/w Maygrove Road,West End Lane,https://www.camden.gov.uk/winter-weather,525497.7864427,184770.56922996,-0.191463,51.547883,POINT (-0.191463 51.547883),Approximate Location,09/01/2026 01:55:48 PM
West End Lane j/w Quex Road,West End Lane,https://www.camden.gov.uk/winter-weather,525473.96646118,184026.17231136,-0.192072,51.541198,POINT (-0.192072 51.541198),Approximate Location,09/01/2026 01:55:48 PM
West End Lane j/w Sheriff Road,West End Lane,https://www.camden.gov.uk/winter-weather,525501.67811154,184563.18859205,-0.191481,51.546018,POINT (-0.191481 51.546018),Approximate Location,09/01/2026 01:55:48 PM
West End Lane o/s Fire Station,West End Lane,https://www.camden.gov.uk/winter-weather,525414.0001318,185193.96803331,-0.19252,51.551707,POINT (-0.19252 51.551707),Approximate Location,09/01/2026 01:55:48 PM
West Heath Road j/w Reddington Road,West Heath Road,https://www.camden.gov.uk/winter-weather,525751.6106487,186373.35043861,-0.187232,51.562231,POINT (-0.187232 51.562231),Approximate Location,09/01/2026 01:55:48 PM
Westbere Road j/w Menelik Road,Westbere Road,https://www.camden.gov.uk/winter-weather,524360.99864339,185472.99816177,-0.207601,51.554447,POINT (-0.207601 51.554447),Approximate Location,09/01/2026 01:55:48 PM
Whitestone Walk Far side of pond,Whitestone Walk,https://www.camden.gov.uk/winter-weather,526255.59000851,186374.96997502,-0.179964,51.562133,POINT (-0.179964 51.562133),Approximate Location,09/01/2026 01:55:48 PM
Willoughby Road/j/w Rudall Crescent,j/w Rudall Crescent,https://www.camden.gov.uk/winter-weather,526713.79278908,185767.29392049,-0.173577,51.556569,POINT (-0.173577 51.556569),Approximate Location,09/01/2026 01:55:48 PM
Willow Road j/w Gayton Crescent,Willow Road,https://www.camden.gov.uk/winter-weather,526682.37086122,185881.18132056,-0.173989,51.5576,POINT (-0.173989 51.5576),Approximate Location,09/01/2026 01:55:48 PM
Willow Road on Island j/w Well Road & Flask Walk,Willow Road,https://www.camden.gov.uk/winter-weather,526635.70381539,185905.18444973,-0.174653,51.557826,POINT (-0.174653 51.557826),Approximate Location,09/01/2026 01:55:48 PM
York Way j/w Camden Mews,York Way,https://www.camden.gov.uk/winter-weather,529860.38019227,184940.18067919,-0.128519,51.548421,POINT (-0.128519 51.548421),Approximate Location,09/01/2026 01:55:48 PM
North End outside no.29 at entrance to Heath,North End no.29,https://www.camden.gov.uk/winter-weather,526203.24211558,187011.44778515,-0.180491,51.567865,POINT (-0.180491 51.567865),Approximate Location,09/01/2026 01:55:48 PM
Camden Street j/w Kentish Town Road and Jeffrey’s Street,Camden Street,https://www.camden.gov.uk/winter-weather,528963.46595557,184295.71515553,-0.141683,51.542835,POINT (-0.141683 51.542835),Approximate Location,09/01/2026 01:55:48 PM
Well Walk junction with Christchurch Hill,Well Walk,https://www.camden.gov.uk/winter-weather,526681.00218108,185992.99931299,-0.173968,51.558605,POINT (-0.173968 51.558605),Approximate Location,09/01/2026 01:55:48 PM
Well Walk Junction with East Heath Road,Well Walk,https://www.camden.gov.uk/winter-weather,526777.99707987,186157.0023676,-0.172511,51.560057,POINT (-0.172511 51.560057),Approximate Location,09/01/2026 01:55:48 PM
Well Walk at entrance of Gainsborough Gardens,Well Walk,https://www.camden.gov.uk/winter-weather,526714.996568,186058.00070653,-0.173455,51.559181,POINT (-0.173455 51.559181),Approximate Location,09/01/2026 01:55:48 PM
Heathside close to entrance of Gainsborough Gardens,Heathside,https://www.camden.gov.uk/winter-weather,526879.99673075,185974.00475013,-0.171106,51.55839,POINT (-0.171106 51.55839),Approximate Location,09/01/2026 01:55:48 PM
Vale of Health,Vale of Health,https://www.camden.gov.uk/winter-weather,526515,186478,-0.176187,51.563001,POINT (-0.176187 51.563001),Approximate Location,09/01/2026 01:55:48 PM
Vale of Health,Vale of Health,https://www.camden.gov.uk/winter-weather,526480,186518,-0.176677,51.563368,POINT (-0.176677 51.563368),Approximate Location,09/01/2026 01:55:48 PM
